CMPUT 101,
CMPUT 174,
CMPUT 175,
CMPUT 191,
CMPUT 195,
CMPUT 200,
CMPUT 201,
CMPUT 204,
CMPUT 206,
CMPUT 210,
CMPUT 229,
CMPUT 250,
CMPUT 256,
CMPUT 261,
CMPUT 267,
CMPUT 272,
CMPUT 274,
CMPUT 275,
CMPUT 291,
CMPUT 296,
CMPUT 297,
CMPUT 298,
CMPUT 299,
CMPUT 300,
CMPUT 301,
CMPUT 302,
CMPUT 303,
CMPUT 304,
CMPUT 307,
CMPUT 308,
CMPUT 312,
CMPUT 313,
CMPUT 325,
CMPUT 328,
CMPUT 329,
CMPUT 331,
CMPUT 333,
CMPUT 340,
CMPUT 350,
CMPUT 355,
CMPUT 361,
CMPUT 365,
CMPUT 366,
CMPUT 367,
CMPUT 379,
CMPUT 382,
CMPUT 391,
CMPUT 396,
CMPUT 397,
CMPUT 398,
CMPUT 399,
CMPUT 401,
CMPUT 402,
CMPUT 403,
CMPUT 404,
CMPUT 411,
CMPUT 412,
CMPUT 414,
CMPUT 415,
CMPUT 416,
CMPUT 428,
CMPUT 429,
CMPUT 455,
CMPUT 461,
CMPUT 463,
CMPUT 466,
CMPUT 469,
CMPUT 474,
CMPUT 481,
CMPUT 495,
CMPUT 496,
CMPUT 497,
CMPUT 498,
CMPUT 499,
